Neighbourhood,City,Country
Charlottenburg-Wilmersdorf,Berlin,Germany
Friedrichshain-Kreuzberg,Berlin,Germany
Lichtenberg,Berlin,Germany
Marzahn-Hellersdorf,Berlin,Germany
Mitte,Berlin,Germany
Neukölln,Berlin,Germany
Pankow,Berlin,Germany
Reinickendorf,Berlin,Germany
Spandau,Berlin,Germany
Steglitz-Zehlendorf,Berlin,Germany
Tempelhof-Schöneberg,Berlin,Germany
Treptow-Köpenick,Berlin,Germany
Anders Park,Alberta,Canada
Anders Park East,Alberta,Canada
Anders South,Alberta,Canada
Aspen Ridge,Alberta,Canada
Bower,Alberta,Canada
Bower Ponds Recreation Area,Alberta,Canada
Central Park,Alberta,Canada
Chiles Industrial Park,Alberta,Canada
Clearview Extension,Alberta,Canada
Clearview Meadows,Alberta,Canada
Clearview Ridge,Alberta,Canada
College Park,Alberta,Canada
Davenport,Alberta,Canada
Deer Park Estates,Alberta,Canada
Deer Park Village,Alberta,Canada
Devonshire,Alberta,Canada
Downtown,Alberta,Canada
East Burnt Lake,Alberta,Canada
Eastview,Alberta,Canada
Eastview Estates,Alberta,Canada
Edgar Industrial Park,Alberta,Canada
Evergreen,Alberta,Canada
Fairview,Alberta,Canada
Gaetz Lakes Sanctuary,Alberta,Canada
Garden Heights,Alberta,Canada
Glendale,Alberta,Canada
Glendale Park Estates,Alberta,Canada
Golden West,Alberta,Canada
Grandview,Alberta,Canada
Heritage Ranch,Alberta,Canada
Highland Green,Alberta,Canada
Highland Green Estates,Alberta,Canada
Inglewood,Alberta,Canada
Ironstone,Alberta,Canada
Johnstone Crossing,Alberta,Canada
Johnstone Park,Alberta,Canada
Kentwood East,Alberta,Canada
Kentwood West,Alberta,Canada
Kingsgate,Alberta,Canada
Lancaster Green,Alberta,Canada
Lancaster Meadows,Alberta,Canada
Laredo,Alberta,Canada
Lonsdale,Alberta,Canada
Maskepetoon Park,Alberta,Canada
McKenzie Trail Recreation Area,Alberta,Canada
Michener Hill,Alberta,Canada
Morrisroe,Alberta,Canada
Morrisroe Extension,Alberta,Canada
Mountview,Alberta,Canada
Normandeau,Alberta,Canada
Northlands Industrial Park,Alberta,Canada
Oriole Park,Alberta,Canada
Oriole Park West,Alberta,Canada
Parkvale,Alberta,Canada
Pines,Alberta,Canada
Queens Business Park,Alberta,Canada
Red Deer College,Alberta,Canada
Red Deer Golf and Country Club,Alberta,Canada
Riverlands,Alberta,Canada
Riverside Heavy Industrial Park,Alberta,Canada
Riverside Light Industrial Park,Alberta,Canada
Riverside Meadows,Alberta,Canada
Rosedale Estates,Alberta,Canada
Rosedale Meadows,Alberta,Canada
South Hill,Alberta,Canada
Southbrook,Alberta,Canada
Southpointe Junction,Alberta,Canada
Sunnybrook,Alberta,Canada
Sunnybrook Extension,Alberta,Canada
Three Mile Bend Recreation Area,Alberta,Canada
Timber Ridge,Alberta,Canada
Timberlands,Alberta,Canada
Timberstone,Alberta,Canada
Vanier Woods,Alberta,Canada
Vanier Woods East,Alberta,Canada
Waskasoo,Alberta,Canada
Waste Management Facility,Alberta,Canada
West Burnt Lake,Alberta,Canada
West Park,Alberta,Canada
West QE2,Alberta,Canada
Westerner Park,Alberta,Canada
Westlake,Alberta,Canada
Woodlea,Alberta,Canada
U.S. NAVAL BASE,New Orleans,United States
ALGIERS POINT,New Orleans,United States
WHITNEY,New Orleans,United States
AUDUBON,New Orleans,United States
OLD AURORA,New Orleans,United States
B. W. COOPER,New Orleans,United States
BAYOU ST. JOHN,New Orleans,United States
BEHRMAN,New Orleans,United States
BLACK PEARL,New Orleans,United States
BROADMOOR,New Orleans,United States
MARLYVILLE - FONTAINEBLEAU,New Orleans,United States
GERT TOWN,New Orleans,United States
MID-CITY,New Orleans,United States
ST. CLAUDE,New Orleans,United States
CENTRAL BUSINESS DISTRICT,New Orleans,United States
FRENCH QUARTER,New Orleans,United States
CENTRAL CITY,New Orleans,United States
LAKE CATHERINE,New Orleans,United States
VILLAGE DE LEST,New Orleans,United States
VIAVANT - VENETIAN ISLES,New Orleans,United States
NEW AURORA - ENGLISH TURN,New Orleans,United States
TALL TIMBERS - BRECHTEL,New Orleans,United States
FISCHER DEV,New Orleans,United States
McDONOGH,New Orleans,United States
LOWER GARDEN DISTRICT,New Orleans,United States
ST. THOMAS DEV,New Orleans,United States
EAST RIVERSIDE,New Orleans,United States
IRISH CHANNEL,New Orleans,United States
TOURO,New Orleans,United States
MILAN,New Orleans,United States
UPTOWN,New Orleans,United States
WEST RIVERSIDE,New Orleans,United States
EAST CARROLLTON,New Orleans,United States
FRERET,New Orleans,United States
GARDEN DISTRICT,New Orleans,United States
LEONIDAS,New Orleans,United States
HOLLYGROVE,New Orleans,United States
TULANE - GRAVIER,New Orleans,United States
TREME - LAFITTE,New Orleans,United States
SEVENTH WARD,New Orleans,United States
MARIGNY,New Orleans,United States
ST. ROCH,New Orleans,United States
DIXON,New Orleans,United States
LAKEWOOD,New Orleans,United States
NAVARRE,New Orleans,United States
CITY PARK,New Orleans,United States
LAKEVIEW,New Orleans,United States
WEST END,New Orleans,United States
LAKESHORE - LAKE VISTA,New Orleans,United States
FILMORE,New Orleans,United States
ST. BERNARD AREA,New Orleans,United States
DILLARD,New Orleans,United States
ST. ANTHONY,New Orleans,United States
LAKE TERRACE & OAKS,New Orleans,United States
MILNEBURG,New Orleans,United States
PONTCHARTRAIN PARK,New Orleans,United States
GENTILLY WOODS,New Orleans,United States
GENTILLY TERRACE,New Orleans,United States
DESIRE AREA,New Orleans,United States
FLORIDA AREA,New Orleans,United States
FLORIDA DEV,New Orleans,United States
LOWER NINTH WARD,New Orleans,United States
BYWATER,New Orleans,United States
HOLY CROSS,New Orleans,United States
PINES VILLAGE,New Orleans,United States
PLUM ORCHARD,New Orleans,United States
READ BLVD WEST,New Orleans,United States
READ BLVD EAST,New Orleans,United States
WEST LAKE FOREST,New Orleans,United States
LITTLE WOODS,New Orleans,United States
FAIRGROUNDS,New Orleans,United States
IBERVILLE,New Orleans,United States
